{
    "rmse": 0.6789577455000602,
    "mae": 0.5431107108735067,
    "r2": 0.2945991018115738
}