{
    "rmse": 0.8029189110488729,
    "mae": 0.6549737269722617,
    "r2": 0.013507272396201975
}